text_reference,X,Y,labels,value
trump,10.69513,-4.7136335,-1,0.028876396797208655
clinton,10.196545,-7.872446,-1,0.022202173612047495
cooper,12.493103,-7.653967,-1,0.019514946922712814
people,13.749145,-4.6511655,20,0.01922801261652772
secretary clinton,10.124656,-7.886498,6,0.014754943251709358
lot,11.897645,-3.2369914,46,0.012247431227654527
hillary clinton,11.571457,-7.644719,14,0.00804524708665573
years,6.7103486,-4.9121013,1,0.007736645037154635
russia,8.511652,1.0581218,8,0.007229403229142209
isis,11.256537,-4.8368616,52,0.0071106280109821075
women,13.733589,-4.6895733,20,0.006932848239850062
question,12.1483755,-2.0201404,29,0.0065569494055561705
president,10.01669,-7.8869305,6,0.006468858960166442
donald,12.638202,-7.856921,-1,0.006419523039871644
united states senator,9.807431,-7.4305124,3,0.0058828970494028176
taxes,8.38895,-2.0989077,58,0.005641635901145178
best way,10.016694,-2.6856296,-1,0.0054502460767124035
country,7.3996468,-1.7727977,11,0.0054303056511302294
minutes,6.710384,-4.9412827,1,0.005382906573317025
time,6.704259,-4.174299,4,0.004984599491742988
syria,8.531477,1.077187,8,0.004964967627192329
able,12.026702,-2.7730725,38,0.0045675885438229095
iraq,8.533585,1.0747578,8,0.004223353756356492
something,5.46577,-1.9807422,2,0.004198175667877205
assad,11.052042,-6.133095,-1,0.004112066727785105
number,8.471507,-2.9892092,34,0.0038643785771897902
money,8.421013,-2.0380378,58,0.0038186985669251237
disaster,8.185126,-2.547945,-1,0.0036645525105734817
world,8.1101885,-1.3891437,-1,0.003623806353786467
muslims,10.342374,1.1275196,-1,0.0036151193690821437
aleppo,10.79271,-5.9741616,42,0.003457995699986386
sure,12.04415,-2.7962766,38,0.0034022064013125813
everything,5.483772,-1.9974444,2,0.003399788775436379
emails,10.50857,-4.935539,43,0.003335341259061565
proud,12.215608,-4.72387,51,0.003310678279637442
fact,10.572235,-2.9295678,53,0.003246885550752183
state,9.444333,-0.52740616,40,0.0032056757997253296
children,13.703346,-4.718244,20,0.0031676640634143213
nothing,5.470456,-1.9914486,2,0.003166890051053368
insurance,9.574576,-1.4887141,64,0.0030497634827604636
anything,5.4873776,-2.0001435,2,0.0030037307464827363
mosul,10.786837,-5.9675546,42,0.002978527637058122
look,11.792081,-3.720325,47,0.0029700869170364596
everybody,12.005055,-3.7018292,47,0.0029582513736833996
audience,9.8178215,-2.3897429,60,0.002881439260493175
millions,10.416173,0.38799074,10,0.002852835264668955
senator,9.985259,-7.8763003,6,0.002826666076936741
president obama,10.0068,-7.8609686,6,0.0028144960571643385
things,12.7849865,-1.5601288,30,0.0026315128058867652
great,6.9303164,-2.326319,9,0.0025822084489642533
many others,12.191171,-1.0528874,18,0.002531611972546456
care,9.964675,-1.4613067,68,0.00251104706199557
many cases,11.635391,-1.3178041,35,0.002447116262401104
election,9.545906,-7.880951,7,0.0024033685879499057
campaign,8.546412,-0.67406183,-1,0.0023670820351396425
new york,10.813057,-6.9922233,15,0.0023497565510861235
donald trump,12.361719,-7.45193,23,0.0023481679247454217
good question,12.356542,-2.0877986,-1,0.002334435094666482
hundreds,10.385882,0.42013785,10,0.00231355314800414
thousands,10.382498,0.42477694,10,0.0023021838849077636
business,9.456844,-1.4957384,64,0.0022793152818365455
last year,6.4160194,-4.5229955,5,0.00226342764719559
healthcare,9.907509,-1.6031594,68,0.0022477585889958285
health insurance,9.781835,-1.4820784,-1,0.002232964229894566
many republicans,12.1235285,-1.0426455,18,0.0022306736052336846
barrack obama,10.713345,-5.3032203,43,0.002205564670517848
everyone,5.5149155,-2.0149896,2,0.0021737836474083976
chance,11.954984,-3.2736077,46,0.002124304967845402
mistake,11.420024,-3.739472,-1,0.0021138201962458835
putin,11.061559,-6.345334,-1,0.002103008628184614
inner cities,9.781879,-5.0304,49,0.0020578404411538583
primary part,10.214836,-3.2393603,54,0.0020524628971094047
kids,12.415142,-5.2275386,31,0.0020514171440137556
problem,11.817092,-2.0746377,-1,0.0020392947113088366
supreme court justice,9.739274,-6.935034,3,0.0020316932021624125
today,7.4327073,-4.3443093,-1,0.002027808003535922
iran deal,8.368261,-0.7886245,62,0.002019952221583
russians,9.80933,1.1552128,22,0.001989320695916925
bad,12.632611,-2.4578106,28,0.0019540035902111605
steel cages,8.9474325,-4.364403,48,0.0019413246460414277
jobs,8.713854,-1.8747454,65,0.0019359415223289336
war,8.680564,-0.3120006,-1,0.0019258993201489972
bernie sanders race,12.138056,-6.8231874,26,0.0019174720192920661
thing,12.616091,-1.8014342,30,0.0019171548428716335
place,6.143409,-4.5214524,5,0.001870115302820356
tonight,12.400806,-5.2766504,31,0.0018282705393312692
lines,8.982826,1.1241872,-1,0.0017907848717417388
last,6.1998363,-4.4888015,5,0.0017754591000989518
rebels,9.771466,1.2084069,22,0.001764963780724457
weeks,6.709938,-4.930653,1,0.0017558498139957361
affordable care act,9.989817,-1.5146475,68,0.0017424097393210999
worse,9.661408,-3.354361,50,0.0017377766011397316
latinos,10.60606,-5.6348743,42,0.001713425489239453
anyone,5.528355,-2.0296965,2,0.001710152255013937
single,9.554514,-4.928319,49,0.0017064540819369143
questions,11.104103,-3.2345707,56,0.0017059342171873697
line,9.005748,1.1176784,-1,0.0016806268886392778
first debate,6.299407,-4.432554,5,0.001671598006672272
apology,11.142147,-4.5308833,52,0.001624521417908619
congress,9.669151,-7.6544228,-1,0.0016108258822832514
much,11.435761,-2.3875155,-1,0.0016053497174295058
applause,11.471513,-5.0289817,51,0.0015964757065339845
nuclear weapons,9.387024,0.31662753,-1,0.0015564387608520535
tape,9.071161,-4.9524045,49,0.0015535051365863778
interest,9.842858,-2.1409767,61,0.0015485979103723375
federal income taxes,8.376337,-2.0947695,58,0.001532547796302399
subpoena,10.642109,-5.2409244,43,0.0015283782552178056
good leader,12.570826,-2.3406498,28,0.0015267062315312075
job,12.20968,-3.5595553,47,0.0015065001794611703
common ground,10.271909,-3.2185435,54,0.0015019285738249902
point,6.7522893,-4.1685658,4,0.001497667207665294
words,13.134778,-1.6859741,-1,0.0014912300988087403
locker room banter,9.512206,-5.3719287,49,0.0014905230304698585
honest,11.55536,-3.8972287,-1,0.001481252768409931
middle east,10.020491,-4.7545457,49,0.0014732002115594922
wise,12.23021,-4.598364,51,0.0014650865904899542
deal,8.293386,-0.93879557,62,0.0014506687797154858
name,13.187799,-1.7284392,-1,0.0014460282258679695
china,8.514087,1.0732416,8,0.0014286822973851527
energy,8.51279,-3.7959726,44,0.0014264653671574616
morning,12.47917,-5.3072333,31,0.001406584313121721
history,7.239607,-4.205611,-1,0.0013718012102066969
policy,9.016719,-0.9124828,40,0.0013616696945614004
good evening,12.582316,-2.3536036,28,0.0013257091561252967
coverage,10.503904,-3.5065985,54,0.0013238264374902543
problems,11.660468,-2.1748402,-1,0.0013201819166370585
competition,9.106121,-2.1601794,-1,0.0013101235402793081
corporations,9.077685,-1.7669786,-1,0.0012975571556298159
fair,9.257925,-2.1885633,63,0.0012973512628081602
tough,12.033179,-4.4724474,51,0.001278881682219853
middle class,10.063122,-4.6845427,49,0.0012760676808473343
patrice brock,12.00341,-7.021898,25,0.0012748648337100334
high,8.62165,-2.9328802,34,0.0012729214410073472
advantage,11.878629,-3.2045321,46,0.001271175013339852
discipline,10.698901,-1.9986476,57,0.0012698075860860481
candidates,9.523982,-7.846717,7,0.0012696342447920373
laughter,11.635406,-4.6175895,51,0.001263458075143322
perfect example,11.951667,-3.1052837,46,0.0012544856628702414
bombarding places,9.895577,-4.9759884,49,0.0012442841981213431
video,9.175448,-5.092765,49,0.0012400402600751797
respect,7.606704,-2.2182698,13,0.001237980757822945
sorry,11.787249,-5.166708,51,0.0012354319831410906
expensive process,9.674471,-3.8930755,50,0.0012219503256509926
attack,9.465462,0.9764086,22,0.0012187302224206682
growth,7.86845,-1.4261442,-1,0.0012020400616819518
disabilities,10.94702,-2.1363316,57,0.0012014669105729395
anybody,11.903458,-3.5867631,47,0.0011937630561117607
pennsylvania avenue,10.897788,-7.0467935,15,0.0011913659165208083
clean coal,8.728848,-4.0580983,45,0.0011880229661956334
right,5.8199024,-2.01111,2,0.0011808208398910482
law,10.089801,-1.5836369,67,0.0011700102891524953
fine,9.187602,-4.54161,48,0.001161044623577392
big difference,7.7163177,-2.922157,12,0.0011599414491512833
tax code,8.342429,-1.9718498,58,0.001159663034441209
captain khan,12.096632,-7.4599595,24,0.0011561851369035194
treaty,9.066287,-0.68034124,40,0.0011467616882375052
terms,9.70871,-2.6633608,60,0.0011442572281349338
term workers,8.803028,-1.6889917,65,0.001140489782096906
disaster education,10.146478,-1.656493,67,0.001139098553557595
siege,8.7521,0.119509034,-1,0.0011309616190192592
public,9.385406,-1.3889277,64,0.0011298940610614287
premiums,10.342442,-4.9845247,43,0.0011278167844802935
warren buffett,12.1919,-7.423333,24,0.0011273704421474132
george washington,11.386932,-7.8167686,14,0.0011255924746394015
issues,9.975331,-1.9469289,-1,0.0011055234258646562
catastrophic,9.667106,-4.1139927,50,0.0011034142167848644
lincoln,11.553225,-7.7169495,14,0.0011023800303543378
first time,6.414492,-4.286671,5,0.001101170361893394
vast majority,8.500343,-3.0529463,34,0.0010962691248720014
order,10.964486,-2.6716478,-1,0.0010962473779807
pre,7.27476,-4.277495,4,0.0010957381914309715
record,8.087045,-1.7541322,59,0.0010900565845143283
next question,6.2914953,-4.414189,5,0.0010877503629050217
nobody,12.051904,-3.6309612,47,0.0010860090592880768
costs,7.531872,-1.1302212,39,0.0010853669439032242
way possible,11.77366,-2.4874167,38,0.001080382551616564
politics,9.399492,-1.7392017,64,0.0010741212423944044
long,9.699262,-4.55559,49,0.0010730669296009502
evidence,10.090132,-2.3040383,61,0.0010678315956033203
syrian refugees,9.785105,1.1911644,22,0.001062754799354667
abraham lincoln,11.646161,-7.676464,14,0.001060890903769114
hours,6.728758,-4.9309106,1,0.001054095586834284
miners,10.28834,0.4778527,10,0.0010493897646457234
dollars,10.359655,0.4112871,10,0.0010483140751051299
first,6.244107,-4.4323945,5,0.001047051721510354
situation,10.243256,-2.4205182,61,0.0010445310718281767
horrible things,12.739318,-1.5838455,30,0.0010425091407695087
least,6.687855,-4.171805,4,0.0010404354898198747
wrong hands,5.6524596,-2.0164044,2,0.0010358728910999319
hand,5.691123,-2.0297697,2,0.0010320527678569931
incomes,10.480693,-5.076639,43,0.001027837040438947
hacking,10.582406,-3.8131905,-1,0.0010252469187373733
positive,10.4368105,-2.3720467,-1,0.001023363827478095
work,9.680456,-2.7711735,60,0.0010208107711749345
foreign power,8.602432,-1.4161156,-1,0.0010199893187493878
different man,11.654509,-1.6821798,-1,0.0010191298481882149
loss,8.038031,-1.6110282,59,0.0010169373396473943
martha,12.406297,-7.3783746,23,0.0010162317343884533
consent,10.103486,-1.4017748,-1,0.0010162283758562841
radical islamic terrorists,10.170488,0.90496796,22,0.0010158355394679144
years old,6.9304943,-4.3807206,4,0.0010100810706938196
divided nation,7.439215,-1.773072,11,0.0010100003390813817
old post office,9.26352,-1.1446296,-1,0.0010088802949965157
minute,6.7192,-4.9282055,1,0.0010086565939438426
little ones,12.530704,-2.4636583,28,0.0010074222871886717
white house,10.375917,-6.1495385,41,0.0009979761220271026
clear,12.397417,-2.095468,29,0.0009979559459014117
reason,11.462957,-2.813359,-1,0.000997728673682932
muslim ban,10.004823,1.0989708,22,0.0009929412195420352
classified information,10.278197,-3.3529553,54,0.0009894168937203125
justice,9.732888,-6.9134307,3,0.000981761571068287
bad judgment,12.589118,-2.382331,28,0.000978167242621177
generals,9.855595,1.2336951,22,0.0009768601806865451
communication,10.53098,-3.4731255,54,0.0009765335826731599
week,6.7825007,-4.7859592,1,0.0009752019371848342
spencer moss,12.38627,-7.403561,23,0.0009669040567114962
air strike,9.275218,0.76235396,21,0.0009618844862835555
disgrace,11.332313,-4.7030835,52,0.0009611687626807059
day,7.2335463,-4.55,-1,0.000960409712918506
small businesses,8.548908,-3.030149,34,0.0009573402437133778
top,9.204712,-4.858177,49,0.0009472294506892308
famous,12.553444,-5.6547723,-1,0.0009447016160729792
university,10.886991,-7.067558,15,0.0009423273425920119
syrian regime,9.80684,1.2209114,22,0.0009405299584356815
stake,11.300356,-5.6203737,27,0.0009369584866274694
families,10.480273,1.343706,19,0.0009359977083046248
correct,12.1437435,-2.0370414,29,0.0009355003286360647
depreciation,10.482204,-5.0436873,43,0.0009323465665872398
difference,7.658405,-2.7803879,12,0.0009298188678348759
word,13.184947,-1.7223574,-1,0.0009225097730128758
greatest provisions,9.172567,-2.3948138,-1,0.0009209446120422538
judge,9.758664,-6.892944,3,0.0009158215685708992
commercials,9.3960705,-5.2301583,49,0.0009153904090151465
attention,9.82068,-2.363348,-1,0.0009108456934334215
massive deduction,9.54366,-3.973056,50,0.0009100407921923409
old boy,12.901668,-5.349659,33,0.0009099589105351157
talk,12.405745,-5.236475,31,0.0009042561594724438
democrats,9.474897,-7.889027,7,0.0009023357150641237
tax,8.358682,-2.0807822,58,0.0009001900131661981
highest priority,8.767793,-2.6214368,34,0.0008954250575339202
second amendment,6.3120623,-4.334188,5,0.0008881333182527199
war crimes investigation,8.763081,-0.31388927,-1,0.0008754490705938426
social media,9.546897,-1.5758197,64,0.0008732432725476551
politician,12.202857,-7.582544,24,0.0008711398244432391
michelle obama,12.070119,-7.0252123,25,0.0008659731559064089
pows,10.101556,0.7906913,22,0.0008645849946116645
use,11.674368,-3.704474,47,0.0008594205986380786
dark things,12.780544,-1.5590999,30,0.0008592490133017135
beth miller,12.453569,-7.5089197,23,0.0008575186091678471
medicaid,10.328556,-4.927382,43,0.0008531853803178958
epa,10.354326,-4.8747983,43,0.0008499356243698543
libya,8.561041,1.051296,8,0.0008485280373519186
topic,10.6519375,-3.2420852,-1,0.0008479572579571664
defense,9.279146,0.05161824,-1,0.0008468029709023529
brutal kinds,11.010619,-2.2711015,57,0.0008424832057599127
someone,5.534614,-2.030409,2,0.0008397842360250821
results,10.011696,-2.4696856,61,0.0008383301341168747
ashamed,11.881656,-4.8573656,51,0.0008378540734177861
ohio,10.920498,-7.0747776,15,0.0008374277147439091
military force,9.245546,0.7697235,21,0.0008318156648619087
independents,10.432747,-6.2701273,41,0.0008289112781198149
soros,10.658096,-5.3618245,43,0.0008268133979828109
virginia,10.884782,-7.042745,15,0.000824879084879616
syrian air forces,9.260802,0.8381298,21,0.0008247740469413437
half,6.4238734,-4.5075393,5,0.0008227316695366084
teachers,10.841417,-2.0960517,57,0.0008223118790408429
rights,10.183412,-1.1873944,-1,0.000817908192335436
office,9.232566,-1.1743269,-1,0.0008153290751982444
affordable,9.772069,-3.683416,50,0.0008134672834336314
payer plan,8.888736,-1.0973958,-1,0.0008075224871911376
immigrants,10.46976,1.3877834,19,0.0008072165751293891
fly zone,9.374152,-3.4132721,-1,0.0008048077149067167
many people,12.175531,-1.0359411,18,0.0008019768146177201
humanitarian crisis,8.447793,-0.792469,-1,0.0007992141565081573
big lie,7.7265115,-2.9576278,12,0.0007989845139895949
terrorists,9.726645,1.0169673,22,0.0007982361966177923
tens,10.339577,0.44366178,10,0.0007974598255801384
military targets,9.198456,0.57460976,21,0.0007967317338877817
citizens,10.508702,1.3535705,19,0.0007960075807923775
threat,8.559359,-0.5338671,-1,0.0007940658083697591
government,9.281542,-0.75944585,40,0.0007933375180774836
determined effort,10.131721,-2.3784797,61,0.000788573137740758
certain areas,11.478121,-1.4682245,36,0.00078754893623846
san bernardino,11.423406,-7.0481825,-1,0.0007858494124832212
wind,8.914985,-4.527547,48,0.0007849678501651203
fighters,9.753313,1.0026935,22,0.0007844908663530576
biggest problem,9.184435,-2.4814904,-1,0.0007842389307961044
last one,6.231512,-4.4444375,5,0.0007823472028377338
solar,8.991992,-4.2848816,-1,0.000777932901714198
public service,9.398162,-1.1054269,40,0.0007775441559273756
price,7.555438,-1.16288,39,0.0007774495834501099
special prosecutor,11.184064,-7.6379943,14,0.0007733178962720917
big goals,7.7844515,-3.0098217,12,0.0007717297255035817
powerful,12.595512,-2.6989799,-1,0.0007713798381787299
leverage,9.99194,-3.869499,50,0.0007711448792372006
total disaster,8.20093,-2.5824409,-1,0.0007702377176980171
increase,7.9837728,-1.5884926,-1,0.0007686618967993476
appropriate,11.005916,-2.791345,-1,0.0007672848931472864
duty,9.954628,-1.5267348,68,0.0007666000231615211
grant,12.055448,-7.5294976,24,0.0007663994959860306
days,6.711755,-4.9319773,1,0.0007658400302142242
great balance sheet,7.091669,-2.3627367,9,0.0007633054970714134
little area,9.519132,-3.5086827,50,0.0007612054480735257
okay,11.710246,-5.071352,51,0.0007605057663557458
parents,13.417689,-4.9374824,-1,0.0007590812453169444
energy policy,8.485791,-3.7658083,44,0.0007563727321853665
oil,8.68473,-3.9774148,45,0.0007556500817013451
reasons,11.30242,-2.8412526,-1,0.000750887232496581
square,9.512717,-3.7472696,50,0.0007502503251015085
negotiating table,9.685534,-4.974646,49,0.0007490158651807723
extreme vetting,10.167177,-3.8338232,50,0.0007484876220392083
murderers,11.335986,-5.073746,51,0.0007466378603273973
gift,12.987579,-4.9069777,-1,0.0007461091469252576
cost,7.531936,-1.1329315,39,0.0007458921931901759
late,6.2009587,-4.384241,5,0.0007454489263330719
dangerous,12.580462,-2.637833,28,0.0007451244010339306
classified material,10.136518,-3.4384787,54,0.0007437458857587989
additional help,10.996282,-3.0229366,-1,0.0007423409223474952
charge,8.883369,-1.5041859,66,0.0007421443073017004
favor,9.822471,-2.0820928,61,0.0007417188689091494
biggest tax cuts,8.270095,-1.9092889,-1,0.0007386191856952167
safe zones,9.456451,-3.3997486,50,0.0007377261723601579
presidential debates,9.563018,-7.7778263,7,0.0007371049193585595
natural gas,8.608207,-3.8097188,44,0.0007359356466079707
wade,11.919726,-7.101212,-1,0.0007348450889924546
fraud,9.442379,-0.67510176,40,0.0007347527470244263
employer,9.340147,-1.9430909,63,0.0007342657465737207
answers,11.27992,-3.4058046,55,0.0007339010717795391
fbi,9.453826,-0.7608947,40,0.0007336679717498891
positive behavior,10.436939,-2.322642,-1,0.0007331794573482983
ambassador stevens,12.062337,-7.5271583,24,0.0007324300439742463
youth,13.188857,-5.034886,32,0.0007304313984700117
speeches,10.66901,-4.0662107,-1,0.0007302913213445892
members,9.795444,-7.749372,7,0.0007302290266023524
loans,8.68585,-1.827561,65,0.000729417811708848
bad leaders,10.90019,-0.99645555,-1,0.000729211093341953
strong country,7.284406,-1.8146945,11,0.0007274403994836495
big benefits,7.825598,-3.050611,12,0.0007264918359647614
roe,11.970867,-6.979048,25,0.0007250796632374246
action,10.075151,-2.2816253,61,0.0007239131019301159
better life,9.722395,-2.9384425,-1,0.0007218034784898202
abusive,11.142246,-4.2671146,52,0.00072077252655891
policies,9.073076,-0.8798716,40,0.0007193351281140788
intense interest,9.89323,-2.2244961,61,0.00071765008842358
religious freedom,10.827551,-1.7671375,-1,0.0007148323303131847
presidential leadership,9.527505,-7.8365574,7,0.0007146454321792645
lost times,6.927519,-4.238639,4,0.0007124141515820834
friend,13.185308,-5.0379972,32,0.0007113304408786467
effective,9.879645,-3.8864346,50,0.000710770517950355
worried,11.830309,-4.7363133,51,0.0007092906265980461
form,10.874848,-2.4248755,57,0.000706217167913927
wrong,5.6420383,-2.0184772,2,0.0007056681294854314
energy independent,8.506862,-3.775847,44,0.000705056187386456
risk,8.186687,-1.6650163,59,0.0007028107820624081
bus,8.984211,-4.587502,48,0.0007025554721021507
hard,12.18781,-2.6254647,38,0.0007018260595770777
careless,11.223424,-4.8024473,52,0.0007013809518158077
furious,11.814565,-4.7661924,51,0.000699527026532505
awake,11.869719,-4.6753836,51,0.0006974088670927233
series,9.428787,-5.282147,49,0.0006954481666188645
stupidity,11.1446085,-4.4517727,52,0.0006931777859526335
girl,13.003208,-5.3116856,33,0.0006922544026845181
lots,9.295956,-4.9977984,49,0.0006919790789446885
great recession,6.948605,-2.3307967,9,0.000691768533180745
contact,7.5129967,-2.4399176,13,0.0006895431423939929
numbers,8.457324,-2.9316895,34,0.000683766970407542
baghdadi,10.834839,-5.2168827,43,0.0006828432118625629
age,6.8740563,-4.3039618,4,0.0006819080406391015
boy,12.943013,-5.3354745,33,0.000679851609582896
rich,9.338185,-4.529578,48,0.0006798186453164246
hell,12.757621,-5.43426,33,0.0006775118814840821
information,10.602058,-3.438715,54,0.0006772679390228294
jail,11.210034,-5.537441,27,0.0006763439252392658
marriage equality,10.459916,-1.2268112,37,0.0006760931010215984
hispanics,10.704085,-5.204859,43,0.0006735640048941245
tired,12.08367,-4.5441756,51,0.0006725093413353403
russian,9.895822,1.0271504,22,0.0006723174987718113
surprised,12.146952,-4.452486,51,0.000671152676566985
ethiopia,8.539081,1.0824927,8,0.000668794492007373
choice,11.647173,-3.1329603,-1,0.0006687094235134751
young woman,13.244698,-5.072876,32,0.0006675391371121471
hatred,10.647916,-1.1861767,37,0.0006671279062123071
many bad things,12.682629,-1.443155,30,0.0006660074072555706
tax rate,7.6499934,-1.2627503,39,0.000665906874148561
senate,9.662272,-7.6805353,7,0.0006630149533100587
truth,12.313611,-2.1055627,29,0.0006629708683225443
devoted president,10.093949,-7.828487,6,0.0006616198577815685
different system,11.55789,-1.591028,36,0.0006606254717399888
nice compliment,11.876126,-5.0959754,51,0.000660586747921074
good thing,12.538506,-1.951507,30,0.0006583711004162762
kurds,10.060669,0.96709526,22,0.0006564740478492958
last presidential debate,6.304153,-4.453234,5,0.0006563614330415471
lower,9.671084,-3.357106,50,0.000654029615353638
judges,9.917065,-6.8669224,3,0.0006518086075359799
folks,11.646839,-5.0738063,51,0.0006517230752059344
weekly basis,10.597796,-3.5163577,54,0.0006511134935156909
different,11.572804,-1.5568062,36,0.0006506057748780732
difficult situation,11.750419,-2.4575467,-1,0.0006436866128706079
ways,12.728003,-1.5379535,30,0.0006425734587707133
vote,9.518283,-7.8833613,7,0.0006412977706384498
nice,11.89879,-5.102,51,0.0006408646805653063
wonderful girl scout,12.850484,-5.359009,33,0.0006393764219394913
plans,8.864936,-0.7936429,40,0.0006383707494404808
tremendous respect,7.638877,-2.2881804,13,0.0006380194964852273
responsibility,10.019162,-1.4227958,68,0.0006364488810513308
anything wrong,5.545612,-2.019914,2,0.0006364285435188233
strong border,7.2869368,-1.7419304,11,0.0006358498789130725
behalf,11.333893,-5.60144,27,0.0006353317136953622
deficit,8.077365,-1.6333596,59,0.000632083283522035
friday,12.492668,-5.317489,31,0.0006306489377742703
favors,11.176589,-4.230366,-1,0.0006281569935331301
debt,8.113436,-1.7062229,59,0.0006269883038406746
disastrous plan,8.82966,-0.74688965,40,0.0006245546460783779
corporate loopholes,9.518626,-1.5255538,64,0.0006221769001095079
pictures,9.229604,-5.108773,49,0.0006154155747492109
diane,12.27884,-7.265239,-1,0.0006108790992824049
homophobic,11.120141,-4.3518853,52,0.0006070167190147622
whatever,12.095182,-3.6517923,47,0.0006048393639891129
sidney blumenthal,12.073832,-7.0887036,25,0.0005999657332780991
terrorist state,9.442841,-0.63537556,40,0.0005981342203319289
nominee,12.129267,-6.8847046,25,0.0005959032675285883
wealth,7.6585064,-2.118661,13,0.0005954677696034527
gold standard,9.615969,-4.7128386,49,0.0005903933929797091
fortunate,11.726463,-4.7323513,51,0.0005863287731562863
racists,10.567614,-5.1785083,43,0.0005799910756624962
less,9.660908,-3.3334885,50,0.000577755894154116
national television,9.549661,-0.89662933,40,0.0005775629409220622
congratulations,10.548494,-4.970554,43,0.0005774111398606637
trade,8.387576,-1.2135166,62,0.0005767246184434063
xenophobic,11.173846,-4.905322,52,0.0005746760330603444
deals,10.413058,-3.3847873,54,0.0005745834569747555
las vegas,11.414378,-7.0304303,-1,0.0005650699676351414
embarrassed,11.872383,-4.82266,51,0.0005649968382526071
pieces,9.075457,-4.869377,49,0.0005641096844931424
enablers,10.419114,-5.0879273,43,0.0005584251565723501
national guard,9.543964,-0.8388108,40,0.0005580254133558255
older people,13.745658,-4.6545525,20,0.0005557169196199513
trainers,10.684392,-5.602378,42,0.0005519285737186712
karl becker,12.137667,-7.3826847,24,0.0005518465112882875
bigger deductions,9.802656,-3.582897,50,0.0005514255007168259
goodnight,11.621629,-5.029707,51,0.0005489045697086013
iranians,10.052125,0.94150186,22,0.0005484826714051836
partnership,9.232113,-2.0534687,63,0.0005477825180273365
horrors,11.303345,-5.13146,-1,0.0005453783925752399
demagogic rhetoric,10.747281,-2.2191763,57,0.0005453682183286828
bashar al,11.177038,-6.2943573,-1,0.0005451856749903379
color,9.712825,-4.664453,49,0.0005429472678738648
national security experts,9.3677025,-0.80337244,40,0.0005394969809699836
condition,10.782876,-1.5242591,-1,0.0005394452032753219
first step,6.247781,-4.399545,5,0.000538270418853098
entire,9.62786,-4.7402887,49,0.0005378605751573168
delegates,10.3193655,-6.473397,-1,0.0005375410715394643
legislation,9.316668,-0.68220145,40,0.000535733732970027
acceptable,11.711694,-4.193133,51,0.0005348330567389293
whose son,13.04684,-5.0103297,32,0.0005342518651650687
wonderful job,12.209458,-3.5847936,47,0.0005339333759567501
former republican members,9.814978,-7.753768,-1,0.0005316217465380125
critics,10.846468,-1.0614765,-1,0.0005307196156533412
bipartisan open debate coalition,9.286701,-1.8319654,-1,0.0005307060598702272
issue,9.642171,-2.0272832,61,0.0005306757651557783
new,10.649679,-6.908671,15,0.0005293565691755983
discrimination,10.516094,-1.0700723,37,0.0005279934019262934
serious health problems,11.573594,-2.1110356,-1,0.0005268713881162825
safety,8.938725,-1.3809524,66,0.0005265839976375527
politicians,10.127553,1.2196604,-1,0.0005258239027348954
gold star family,12.26567,-6.6275954,-1,0.0005253172188437531
private position,9.330258,-1.6195331,64,0.0005249796721867822
online forum,10.847971,-3.3975458,-1,0.0005246142751202761
private stance,9.439553,-1.6612793,64,0.0005240634695192047
complete shutdown,10.32843,-4.050738,-1,0.0005231145724399428
views,10.605066,-2.8673253,53,0.0005214441585739345
decent chance,11.921531,-3.2800636,46,0.0005191631027780387
faced,10.848367,-0.61154044,16,0.0005184823624895512
governor,9.993472,-7.8747354,6,0.0005184774447710667
super,7.8261886,-3.0613234,12,0.0005181729261746308
preschool,10.725135,-5.3074217,43,0.0005179720752129997
votes,9.512998,-7.8786516,7,0.0005150445575660729
rubble,9.8014965,-5.0476875,49,0.0005131548871089415
russian air force,9.299055,0.82841945,21,0.0005129414136474529
young people,13.738742,-4.6734095,20,0.0005120580219687197
interested,12.393835,-4.3273826,-1,0.0005113234899194498
kind,12.582702,-1.813887,30,0.0005106981812636419
environmental protection agency,9.147486,-0.75390893,40,0.0005101433936144351
schools,10.40583,-1.8214142,-1,0.0005094431311999339
bad judgements,12.613157,-2.4835336,28,0.000508137243842749
comments,11.323195,-3.5452414,-1,0.0005072277663725384
drug lords,9.431349,-0.7303464,40,0.000505934539222482
divisive,10.2322855,-3.7443771,-1,0.0005058892523651606
vast amounts,8.507455,-3.15452,34,0.0005048819346993989
architect,12.124433,-7.4741845,24,0.0005043960644258294
republican mayor,9.952779,-7.865787,6,0.0005042851095259054
muhammad ali,11.876088,-7.2224402,-1,0.0005038136146878011
ambulance,10.673863,-5.652463,42,0.0005026412920217033
goldman sachs,12.1243305,-7.1383204,-1,0.0005026352570868544
making,9.928689,-3.6134105,50,0.0005025384776488666
kerry,12.051586,-7.4092035,24,0.0005017093653121485
aggressiveness,10.862935,-5.1452923,43,0.0005012032476090214
passage,11.167686,-4.495054,52,0.0005010195229414354
story,12.690805,-5.539319,33,0.000500406438823467
deborah wasserman schultz,12.038249,-6.9724517,25,0.0005003748178919868
subject,10.634651,-3.259096,53,0.0004998832969097494
special forces,9.228458,0.7602529,21,0.0004995982875308513
voters,9.507975,-7.8672857,7,0.0004993629770956665
murder,9.831684,-0.6820961,-1,0.000499168693015472
safer medicines,9.753847,-3.7356617,50,0.0004984587450511872
kurdish,10.0291605,0.9896008,22,0.0004983253725435535
certain issues,11.1647625,-1.5907878,-1,0.0004976926680159762
excerpts,10.608769,-4.23716,-1,0.0004974912344656852
prepared,11.985574,-4.499216,51,0.0004971704618670274
violence,10.456866,-0.9814848,37,0.0004961051730904638
sponsor,9.3726425,-2.166188,63,0.0004957874631634431
state department,9.442119,-0.5581927,40,0.0004956097756622494
real estate taxes,8.53235,-2.1188378,58,0.0004951009942053522
accusations,10.830869,-1.0440515,-1,0.0004949778054961639
crimes,9.764341,-0.61430544,-1,0.0004948672960903189
uneasy,11.343221,-4.7053046,52,0.0004947160542662298
washington dc,11.385268,-7.783798,14,0.0004945726047936641
tone,9.890458,-4.617489,49,0.0004944329536291845
factor,8.951735,-2.4438028,34,0.000493689339841721
inciting,10.97148,-5.099825,43,0.0004936090509689827
commander,12.011008,-7.5483756,24,0.0004931271507514634
fear,10.834187,-1.3938813,-1,0.0004930911292037967
wonderful steven spielberg movie,12.567282,-5.660568,-1,0.0004919107776484785
violent jihadist terrorists,10.850207,-0.57531655,16,0.0004908430845987256
best education system,10.309641,-1.784338,67,0.0004901155137821387
energy companies,8.53548,-3.7937028,44,0.0004896367465869188
necessary funds,9.395759,-3.2584374,-1,0.000489207375345144
ambitions,9.190561,-1.674053,64,0.0004887212867047039
temperament,11.035291,-4.5534697,52,0.0004886051556369601
tremendous success,8.259893,-1.3118783,62,0.000488331848941948
obama administration,9.161661,-1.2074656,-1,0.0004872612077024754
young lawyer,13.187357,-5.055549,32,0.00048527596911672217
college,10.888628,-7.0603046,15,0.00048481056138568383
similar,11.408492,-1.6437594,36,0.00048480987321550457
coverage accessible,10.332131,-3.4834526,54,0.0004847187549351879
non,11.642293,-1.3118494,35,0.00048352441658374085
iranian nuclear program,9.366276,0.20630655,-1,0.0004823235750600908
jonathan gruber,12.71399,-8.015592,17,0.00048202651045237995
tenor,12.032774,-7.0189695,25,0.0004816007858418797
phenomenal,10.785017,-4.8864446,-1,0.00048140258938315206
different muslim groups,11.692593,-1.2957696,35,0.0004809610455243855
chicago,10.844628,-7.0184636,15,0.0004808797528669532
islam,10.433401,0.9548914,-1,0.0004802433634575555
concern,9.971389,-2.2006538,61,0.00047993650647498606
particular,11.468454,-1.6249249,36,0.0004792230344269876
first lady,6.2261806,-4.3670187,5,0.0004789418935822038
foreign companies,8.840461,-1.7985674,65,0.00047867528021806345
coalition,9.461497,-7.8907676,7,0.00047863033542534057
alternative forms,10.83843,-2.5335042,-1,0.0004785604294257572
attacks,9.55923,1.0251006,22,0.00047834261206592435
criminal justice system,9.397325,-0.6310798,40,0.00047805394506053784
lowering,9.897836,-4.1508083,50,0.0004778255261093239
american steel plants,8.860896,-4.085722,45,0.000476975441310382
prices,7.5615573,-1.1746073,39,0.00047684860480837795
bombs,9.356237,0.3994116,-1,0.00047681689543007554
stage,6.8459377,-4.165012,4,0.00047658690864517726
fossil power plant workers,8.677065,-3.8222654,44,0.0004764114982865821
offs,9.441791,-5.1799345,49,0.00047558804977764125
requests,11.085366,-3.2728484,56,0.0004752713221169805
prescription drug costs,8.496995,-1.4810264,-1,0.0004747224763508091
couple,12.426617,-5.2542906,31,0.00047461821176748186
welcome,11.975744,-4.251803,51,0.0004742734771742979
economics,10.541332,-1.9860439,-1,0.00047394925163687186
lid,9.600117,-5.075468,49,0.0004734616325482519
good chunk,12.561326,-2.34223,28,0.0004732576539031785
congressmen,10.499742,-6.2409925,41,0.00047222817890636714
canada,9.806718,-7.410402,-1,0.0004721092857520245
opinion,10.365644,-2.6043365,-1,0.0004715615336772225
primary thing,12.606944,-1.8411427,30,0.0004715484208131161
boundary lines,9.002931,1.1167024,-1,0.0004712223257875903
syrians,10.780584,-5.9454813,42,0.00047109762722151276
nevada,11.313516,-7.0042076,15,0.0004694738446042668
diplomatic resolution,9.03657,-0.66756594,40,0.00046900309221032776
chief,11.975517,-7.5349517,24,0.00046883489741520454
principles,10.809136,-2.1151757,57,0.00046870525163973117
etcetera,10.693513,-5.2945356,43,0.00046859328898002763
fit,11.784013,-3.7662258,47,0.00046788671922865595
mrs khan,12.124333,-7.3950586,24,0.0004678281309948727
banks,8.694268,-1.7658732,65,0.0004674589691014013
unaccountable money,8.46344,-2.0449557,58,0.0004673270857615282
end,6.4595513,-4.244229,4,0.00046707548564180846
presidents,9.93361,-7.815424,6,0.000466853889335813
past,9.521371,-2.6904194,60,0.00046639515733426246
race,12.1482115,-6.7563095,26,0.00046628241383581484
monopolies,9.210765,-1.4817601,-1,0.00046618000673069425
mess,9.599878,-5.2087317,49,0.0004660987696775932
corporation,9.44563,-1.5826445,64,0.0004655777424456238
preparation,9.803497,-3.8628702,50,0.0004654312044083887
south texas,10.906322,-7.0527077,15,0.00046531760236790087
steel workers,8.750171,-4.0665092,45,0.000465045325357126
dependent,10.254132,-3.340611,54,0.00046504092274930254
primary things,12.714134,-1.7358751,30,0.00046487555445954865
massive tax write,8.446075,-2.0078626,58,0.00046461633938257445
server,11.197682,-3.37317,55,0.0004644795367772584
pages,11.047039,-3.3257868,56,0.00046443222721640766
holocaust,9.759606,0.40017536,-1,0.0004644029652379552
disappointed,12.06084,-4.642318,51,0.00046424412455269037
inner workings,9.613743,-4.7953615,49,0.00046416719079267824
dumbest deal,8.284232,-0.959873,62,0.0004641413101086469
wanna,11.442655,-5.6566224,27,0.00046389529621116945
general douglas mcarthur,11.384452,-7.7773848,14,0.0004637670478032468
wars,8.669675,-0.32323486,-1,0.00046331362374210037
privy,10.423316,-6.380209,41,0.00046247074130210345
unbelievable,10.737774,-5.143306,43,0.00046235831230201406
slow,9.550548,-3.924073,50,0.00046145517172804297
great display,6.9042296,-2.2994306,9,0.0004606795915687914
resources,10.202737,-3.3447185,54,0.00046066527473922244
rise,7.014337,-2.2990785,9,0.00046049723687039865
lifetime limits,9.612664,-2.6755219,60,0.0004594998592394177
general george patton,11.403411,-7.775937,14,0.0004593081644926289
operations,9.208863,0.632464,21,0.0004590604410677034
big operation,7.820071,-3.05753,12,0.0004590030410631042
regret,11.248761,-4.600452,52,0.0004584302492470135
social network,9.531853,-1.6008567,64,0.0004583896297408512
hateful,11.1802845,-4.8553886,52,0.00045802117060304414
air strikes,9.293001,0.7847766,21,0.0004576599892846404
presidential candidate,9.608509,-7.8690424,7,0.00045742269503018366
glad,11.820393,-4.9500732,51,0.0004570404049310552
horrible sights,9.959889,-4.9766254,49,0.00045659893869421037
border patrol agents,9.244568,0.9735087,21,0.00045629621354246016
aware,12.231614,-4.5150557,51,0.00045594096573945537
leaving,11.292143,-5.549241,27,0.00045573319079916124
health,9.890982,-1.5110999,68,0.0004557163471241461
medicare,10.179854,-4.5979905,-1,0.00045541831412562685
adversary,11.168125,-4.498806,52,0.000455346169072129
american ground forces,9.399528,1.0832978,-1,0.0004553303526443574
bigger margin,9.6871195,-3.605308,50,0.0004550025663425377
vacuum,8.8162985,-4.053812,45,0.0004544007523878381
sighted,11.7957,-4.863103,51,0.00045418475216979753
existent,11.159691,-4.7538233,52,0.0004540201468655565
13th amendment,9.056645,-1.2952678,-1,0.00045350660674296615
bullying,10.897709,-5.1689744,43,0.00045323503029322774
psychological warfare,10.861698,-0.5525049,16,0.0004528481619431268
equipment,8.923383,-1.3876191,66,0.00045239714852525936
financial relationships,9.791113,-1.9087085,61,0.0004523791218573497
bridge,11.026204,-6.9463654,15,0.0004523596921326242
first place,6.1446633,-4.481851,5,0.00045119260849122225
conditions,11.34999,-1.4947475,-1,0.00045114252623300083
diplomatic efforts,8.995412,-0.7300692,40,0.000450811785893375
picture,9.258378,-5.138379,49,0.0004500389795316193
renewable fuels,9.344721,-3.8599966,50,0.00044997837597041216
single shot,9.510883,-5.015202,49,0.000449854211134313
smart strategy,10.543914,-3.0355,53,0.0004498237109135546
many successful muslims,12.002881,-1.1038437,18,0.0004495785818206236
many parts,12.124145,-1.0148028,18,0.0004493615156214609
blood,9.141385,-3.8331184,-1,0.0004493103121343396
announcements,10.505928,-4.578204,-1,0.00044923881337346176
charlotte,12.399244,-7.3478556,23,0.0004491002546212985
excited,11.76015,-4.6681886,51,0.00044850338546888457
property taxes,8.405616,-2.108044,58,0.00044844840687954107
circles,10.0334835,-4.8564982,49,0.00044816832178092497
access,10.965726,-3.2726674,56,0.00044812553005767983
possible hostile actors,11.788537,-4.2752457,51,0.0004481016401316592
religious test,10.825816,-1.931594,57,0.0004473209557740442
shame,11.67378,-4.371968,51,0.00044702808433733435
massive deductions,9.527359,-3.952753,50,0.0004467702813226716
apartment,9.515352,-5.4063134,49,0.00044664028526445067
sanctions,9.246812,-0.5763503,40,0.0004465410766170798
prior republican nominees,10.51866,-6.4239984,41,0.0004453217608147231
accountable,10.959421,-5.2126694,43,0.0004453107442146261
supreme court reverse citizens united,9.757101,-7.001064,3,0.0004452138683171132
veto power,8.736083,-1.4971067,66,0.0004451425725340884
representatives,9.782553,-7.7087874,7,0.00044512099326004964
aeroplane,10.544866,-5.480881,43,0.0004448869106388166
understandable,11.204354,-4.6217184,52,0.00044488004485920726
terrorist sites,9.626354,0.99534136,22,0.0004447794358451076
craziest thing,12.624682,-1.7892249,30,0.00044475836515801565
canadians,10.3299465,1.3158985,19,0.0004444973483100369
entanglements,10.61528,-5.0768623,43,0.000444440063578379
comment,11.443734,-3.5843093,-1,0.0004441617457886064
danger,10.719161,-1.4242764,-1,0.0004441309770658955
moment,6.7354965,-4.14804,4,0.00044407724564194447
rid,11.747628,-4.1586876,51,0.00044390981574934707
thanks,9.47554,-2.2134647,63,0.00044353482098578704
great lie,6.9755445,-2.3574688,9,0.00044328169567039375
consequences,10.183443,-2.3198066,61,0.00044278817046813
dosing,10.184633,-4.6265903,-1,0.0004422274652858557
purpose,10.264034,-1.7303902,67,0.0004421758210573431
admirals,10.58214,-6.0883923,-1,0.0004420487001626996
kremlin,10.720064,-5.924928,42,0.00044189487011080434
wall street people,9.564761,-5.3864193,49,0.0004414954516200177
sunnis,11.149198,-4.8810043,52,0.00044142480024179595
small business owners,8.635715,-2.8812058,34,0.0004412937501500127
mistaken,11.985416,-4.4572234,51,0.00044119982765448084
senate armed services committee,9.336365,-0.75169194,40,0.0004406682158022482
online questions,11.0215025,-3.3085432,56,0.000440473255152511
crime,9.833629,-0.6945582,-1,0.0004404587022557373
propaganda,10.852366,-0.56207544,16,0.000440446987064419
mind,12.177752,-2.1800253,29,0.00044014268968246357
damaging effect,10.049882,-3.994325,50,0.0004399703814403313
gains,8.111243,-1.7641517,59,0.00043993281779836015
ears,9.390558,-4.6187925,48,0.0004398208083400946
tv parental guidelines,10.634246,-3.870635,-1,0.0004387351286882962
contributions,9.606238,-2.1150901,-1,0.00043849504940891837
republican president,10.005578,-7.890987,6,0.0004384444579259623
amnesty,9.332326,-2.090343,63,0.0004383431275868255
allies,9.801396,1.2088386,22,0.0004381452668907406
territory,8.591728,1.0622348,8,0.00043800811405400917
baltimore,10.924507,-7.0489926,15,0.0004379488117167531
willing,12.060654,-2.8427844,38,0.00043785597630075786
cases,11.615268,-1.3650199,35,0.0004377334560044664
facts,11.069731,-3.210323,56,0.0004375183874045767
surcharge,10.603193,-5.1373343,43,0.00043744979556456764
tax returns,8.3439045,-1.9948375,58,0.00043731095379396996
whoever,12.054396,-3.6713839,47,0.00043645152759746325
former miss universe,12.221596,-6.665779,-1,0.000435654848363866
terrible job,12.139119,-3.5963063,47,0.00043562745318969585
policemen,10.242596,0.5304307,10,0.00043562015877953315
insults,11.476709,-4.899885,-1,0.00043555048108917787
great depression,6.935058,-2.3304288,9,0.0004352709096764026
commission,9.175388,-0.8282592,40,0.0004351086106825025
gdp,7.6472836,-1.258336,39,0.0004350847585339536
foster care system,10.246716,-1.6886057,67,0.00043484626695471595
involved,12.36428,-4.3465805,-1,0.00043463119972704626
gentlemen,12.156003,-6.811888,26,0.00043460141260369596
mold,9.359303,-4.584568,48,0.00043459574630544395
technology,9.342714,0.15458365,-1,0.0004344611728396485
strategic,8.982736,-0.30466288,-1,0.00043444338491327076
law school,10.210099,-1.6966776,67,0.0004343492691933512
insurance industry,9.498989,-1.4904662,64,0.00043432466426138134
enough problems,11.929293,-2.6096213,38,0.0004338483348537943
room,9.529684,-5.40308,49,0.0004336832385465978
classified materials,10.096794,-3.4489517,54,0.00043350200230644583
greatest disaster trade deal,8.313957,-1.1705157,62,0.0004334648414993258
real,9.418263,-2.6085627,-1,0.0004330625377834444
committed,10.841095,-0.60633093,16,0.0004329672333459383
whole thing,12.606426,-1.7802103,30,0.00043278141688065513
deep devotion,9.3147955,-4.591047,48,0.00043256271030503256
poor,8.658086,-2.8901117,34,0.0004319481854644016
big diversion tonight,7.7941537,-3.1054654,12,0.0004318826281598202
shocked,12.069467,-4.5899467,51,0.0004313292615624426
individual,11.489747,-1.6795064,36,0.0004311800298198667
full complement,9.70566,-4.6735053,49,0.00043083642082849914
liberty,10.540407,-1.2101059,37,0.00043081900267560766
perfect system,10.626142,-1.882923,-1,0.0004302668262239946
wedding,12.536203,-5.3166943,31,0.0004294263731685192
religious tests,10.877714,-1.9629335,57,0.0004293639963415617
entire press corps,10.616586,-5.8758883,42,0.00042929933083087464
certain garb,11.467311,-1.5954283,36,0.0004291700954699
cancer,9.176008,-3.8527226,-1,0.00042886465569872675
kurdish peshmerga fighters,9.880682,1.0329642,22,0.00042878605877850687
paris,8.500818,0.6093044,-1,0.0004280415085509013
trade prosecutor,8.467816,-1.2539136,62,0.00042793298837388546
friendly,12.595576,-2.6869445,-1,0.00042788750048016
finest healthcare plan,9.311759,-2.3298676,63,0.00042773420276626426
impossible,11.88044,-2.6173425,38,0.000427008072169502
nafta,10.334629,-4.9620314,43,0.0004269404020114514
mine,8.867635,-4.4669657,48,0.00042670102600511113
asthma,9.870508,-4.248585,-1,0.0004262053393657765
diabetes,9.118974,-3.9069347,-1,0.00042610874892864503
educators,10.877405,-2.2072902,57,0.0004258983286709554
negative ads,10.191938,-3.9386652,50,0.0004257877832917067
buffett rule,8.926916,-1.5343465,66,0.00042572574413303
republican party,9.476582,-7.8833065,7,0.00042569756231471926
benghazi,10.751797,-5.927321,42,0.0004255617981352992
amazing,11.654061,-4.5295444,51,0.0004255540788524082
qaeda leaders,9.906327,1.2033205,22,0.00042528743525228283
back,6.176715,-4.4469132,5,0.0004249972204882618
grandmother,13.135903,-5.0564013,32,0.0004249272310878297
write,11.797778,-3.8029184,47,0.0004248523201586618
moscow,8.512305,0.6339832,-1,0.0004245433896478859
worst financial crisis,8.309145,-0.9858119,62,0.00042446093394371987
restrictive,10.200199,-3.8461435,50,0.0004242030488693896
tougher vetting,9.95534,-3.809056,50,0.0004236457618335164
like,12.194027,-4.848637,-1,0.0004227024044812045
terrible time,6.744128,-4.196658,4,0.00042228525632867855
toddler,10.653584,-5.1677217,43,0.00042197076706742794
prescriptions,10.976387,-4.518411,52,0.0004218355503483561
online loophole,10.816602,-3.408592,54,0.00042136482335743244
tremendous wealth right,7.5716786,-2.1772306,13,0.0004213238775073939
differences,11.019805,-1.6154331,-1,0.00042130755861240936
enough cash,11.975579,-2.680725,38,0.00042093660018183203
gap,7.4742947,-2.5654526,-1,0.0004209101704670668
harbor,11.157747,-6.95604,15,0.0004205789650244145
wild,12.384296,-5.1786585,31,0.0004199593632021766
force,9.260692,0.79978037,21,0.0004194098525224757
next president,9.997833,-7.870751,6,0.0004182530765350774
names,13.164282,-1.721164,-1,0.000418174646938166
letter,11.253534,-3.4267943,55,0.00041797974005675385
usual,10.270503,-3.248179,54,0.0004179126880697968
official,9.442919,-0.93588287,40,0.0004175154344272143
small donations,8.562038,-3.0341876,34,0.0004173953712772542
world trade center,8.410112,-1.3005494,62,0.00041735507749605623
paula jones,12.395177,-7.443581,23,0.0004173493413259279
great privilege,6.942991,-2.3258772,9,0.0004170652873105529
bad people,13.740615,-4.65481,20,0.0004170521544842721
average,8.675604,-2.57758,-1,0.00041649530012357125
felix,12.163402,-7.4111595,24,0.00041579013926673777
conflict,8.528128,-0.51821333,-1,0.00041461211027676317
development,8.36214,-0.8532061,62,0.00041336565193046546
large group,8.549343,-3.05004,34,0.00041226622822484516
modern day form,7.3741465,-4.4059587,-1,0.000412246090750466
final thing,12.648308,-1.7579116,30,0.00041219290675571703
tweet,10.7243,-5.2676067,43,0.00041194944314062624
sand,8.864814,-4.4951925,48,0.0004116004748107574
outcome,10.129601,-2.3449013,61,0.00041047512261011855
stupid,12.028506,-4.641317,51,0.0004100161179013902
orlando,11.733551,-7.0909576,-1,0.00040982899819615626
funny,12.149549,-4.9584403,-1,0.00040977750034886884
general flynn,11.286263,-7.7285995,14,0.00040966745760456617
interest provisions,9.772928,-2.070674,61,0.00040897757425176754
gun show loophole,9.424382,-5.228106,49,0.0004087504701461742
civilians,9.717888,1.0885836,22,0.000407982161506419
unwise,11.21215,-4.993205,52,0.00040780642452715803
simple thing,12.557666,-1.8391961,30,0.0004077877868319285
simple question,12.147738,-2.000422,29,0.00040729107995829313
homes,8.684093,-1.8361213,65,0.00040695187984400377
bin laden,11.160617,-6.2666106,-1,0.00040691079513116357
unfortunate,11.591651,-4.493716,51,0.0004065276270480853
arguments,11.097462,-3.00075,-1,0.000406315871327497
vacancy,11.125355,-5.58161,27,0.0004062226299785432
surplus,8.219199,-1.8821636,58,0.000405369810914219
call,11.914984,-4.029682,-1,0.0004045650582147521
boxes,9.111948,-4.8843694,49,0.00040395865331350133
men,13.733338,-4.686139,20,0.0004036970796814323
much self,10.958875,-2.101151,57,0.00040338749233402354
kathy shelton,12.035187,-7.005099,25,0.00040319168057659753
community,9.064404,-1.6604706,-1,0.00040316724637983994
enough worries,11.9894705,-2.6953235,38,0.0004028583960971559
great trojan horse,6.9605455,-2.359727,9,0.00040255011665315594
amusing,11.564645,-4.5574055,51,0.000402540166714273
big league,7.8468614,-3.0638463,12,0.00040228245681567845
real life experience,9.7362,-2.7742507,60,0.0004018945846801904
alternative reality,10.672469,-3.0638368,53,0.00040184632472523273
quality,7.54226,-1.1486137,39,0.0004017727887368273
harshest,10.75266,-5.202668,43,0.0004012504084896138
economy,7.73664,-1.4670328,-1,0.0004011654657284547
lives better,9.753367,-2.998217,-1,0.0004010571037403762
finished,6.9857626,-4.187109,4,0.00040093401798118466
mother,13.27476,-5.0487833,32,0.00040084642419981937
weak country,7.4018583,-1.7919598,11,0.00040075982527977203
religion,10.478427,0.87239075,-1,0.0004007538727877569
excuses,11.141102,-4.8798027,52,0.00040015386442922453
optimistic view,10.574166,-2.9471915,53,0.0004001239779131801
wonderful woman,13.043895,-5.225948,32,0.0003995691799196593
devil,12.749856,-5.435276,33,0.0003994393696090499
drugs,8.570815,-1.4239181,-1,0.00039943564325856714
mature audiences,11.934706,-4.359752,51,0.00039847719283327295
sides,9.017987,1.1024536,-1,0.000398329041603878
indiana,10.911414,-7.056825,15,0.0003981840491940664
tremendous hate,11.072192,-4.2283616,-1,0.0003978933582443669
heads,10.360766,-6.173081,-1,0.0003976208687887778
somebody,12.009576,-3.6320956,47,0.00039635405132629035
21st century clean energy superpower,9.628435,-4.0123334,50,0.00039614146968601466
good guy,12.574146,-2.3512657,28,0.00039595068655405244
great distress,6.9385557,-2.3289082,9,0.00039586539548659797
online question,10.95439,-3.3273098,56,0.00039552887986043627
big law firm,9.335975,-2.1286829,63,0.0003952278811560828
horrible thing,12.618151,-1.7989144,30,0.0003948421619679362
ice,8.89317,-4.5154166,48,0.0003947551758319417
personal email account,10.945282,-3.198686,56,0.0003945317934103826
document,11.188928,-3.3764048,55,0.000394277169335554
total lie,8.172783,-2.7166407,-1,0.00039343961999625484
attorney general days,9.819713,-7.2212296,3,0.00039323667190773
national catastrophe,9.506402,-0.8598858,40,0.0003930019947545099
current court,9.756759,-7.003758,3,0.0003925540877175931
plant,8.759896,-3.9965873,45,0.0003924611605223287
comprehensive background checks,10.606788,-3.4876652,54,0.00039228088271940566
coal country,7.4143276,-1.7945644,11,0.0003915072610605182
balance,7.5397334,-2.192613,13,0.00039078211583451293
yoga class,10.934247,-2.3364658,57,0.0003906969221185029
qualified person,11.863939,-3.3549244,46,0.00039064518590593074
private sector,9.434409,-1.519082,64,0.0003902740616909374
mails,10.476583,-4.957151,43,0.0003897293181215745
constitution,9.263121,-0.77877724,40,0.0003894878019834354
terrible mistake,11.444744,-3.7653584,-1,0.00038865086160835675
seconds,6.7134204,-4.9423995,1,0.00038775835787929996
medieval times,7.143697,-4.296687,4,0.0003875304049704878
inconceivable,10.843337,-5.0276976,43,0.0003858353573075137
many lives,12.167221,-1.0613148,18,0.0003852128458573408
carnage,10.716107,-5.797269,42,0.0003851045216896928
curious,11.59611,-4.6082506,51,0.0003850383188795849
many lies,12.121132,-1.0291584,18,0.0003849264224998251
way republicans,10.2308855,-2.4257567,61,0.00038426212543106887
great trade deals,8.331932,-1.169986,62,0.0003840725634807789
many criminal illegal aliens,11.644963,-1.3152027,35,0.000383596530423314
ridiculous,11.599865,-4.591998,51,0.00038339873914517114
home,9.449728,-5.1514587,49,0.0003821648719035142
osmosis,9.930797,-4.3159885,-1,0.00038179120712966366
means,12.589001,-1.8048688,30,0.00038108391674684613
ordinary time,6.7560577,-4.176676,4,0.0003808015232936201
bench,11.267557,-5.867781,27,0.00038053599166105355
town hall meeting,10.76923,-6.8882427,15,0.0003791325996636911
disgraceful,11.303425,-4.682293,52,0.000377891043792808
congressional medal,12.110494,-6.8381953,26,0.0003775631315222042
stuff,11.954057,-5.056148,51,0.0003772561219996751
climate change,10.082358,-3.9488678,50,0.0003762256940230929
truck,8.927344,-4.5550704,48,0.00037617606496526134
serious problem,11.686756,-2.1532335,-1,0.000375539411214733
experience,9.779546,-2.589702,60,0.0003749257272403475
mexican,9.963946,1.0853523,22,0.00037401782646441473
renewable energy,8.552696,-3.8051786,44,0.00036858512534256293
biggest line items,9.234991,-4.8948283,49,0.00036850133707839783
great land,6.941779,-2.3227363,9,0.00036738501108341253
corporate interests,9.456854,-1.5786581,64,0.00036402187828502074
separate occasions,9.812403,-4.9400835,49,0.0003639873125104709
acid,8.891096,-4.00539,45,0.00036300849113547816
message,11.194209,-3.3663304,55,0.0003625520862823078
adult,11.85159,-4.348272,51,0.0003618754634944482
slogan,10.667404,-4.6122246,-1,0.00035909302884503866
city,10.735819,-6.789103,15,0.0003578381420198829
fifth,6.2678366,-4.3962674,5,0.0003578200738946798
great country,6.999728,-2.2410114,9,0.0003576611706303161
good trait,12.504706,-2.2485745,28,0.00035735218048525306
stronger,9.67192,-3.4069679,50,0.00035313796423132044
sided transaction,9.71078,-4.884437,49,0.00035293228592861035
put,12.142252,-4.3270845,51,0.0003527923321713776
sexual assault,10.464137,-0.9433383,-1,0.00035109838775101055
teacher,13.184582,-5.039756,32,0.0003504038774831236
coin toss,9.638759,-5.102455,49,0.0003485270157776658
exchange,8.572647,-1.8214829,65,0.00034838673621770855
astronomical,10.50558,-4.1266093,-1,0.00034369993064141803
harsh,10.87593,-0.60060656,16,0.00034282083319964424
potential,8.1520815,-1.7984147,59,0.00034011125633371774
personal,10.938082,-3.1331437,-1,0.0003345272548656523
lights,9.02715,-4.804701,49,0.0003325807322534057
current rhetoric,10.208704,-3.253311,54,0.0003307766003333676
borders,8.647271,1.050753,8,0.00032985476381271076
future,9.578233,-2.637531,60,0.00032925835118399456
fighter,9.725138,0.9716299,22,0.000322055510659417
